{
  "file": "file",
  "folder": "folder",
  "iconDefinitions": {
    "git":"git","c":"c","yaml":"yaml","xml":"xml","matlab":"matlab","settings":"settings","shaderlab":"shaderlab","diff":"diff","json":"json","blink":"blink","java":"java","razor":"razor","python":"python","javascript":"javascript","typescript":"typescript","scala":"scala","handlebars":"handlebars","perl":"perl","haxe":"haxe","puppet":"puppet","elixir":"elixir","livescript":"livescript","erlang":"erlang","twig":"twig","julia":"julia","elm":"elm","purescript":"purescript","stylus":"stylus","nunjucks":"nunjucks","pug":"pug","robot":"robot","sass":"sass","less":"less","css":"css","visualstudio":"visualstudio","angular":"angular","graphql":"graphql","solidity":"solidity","autoit":"autoit","haml":"haml","yang":"yang","terraform":"terraform","applescript":"applescript","cake":"cake","cucumber":"cucumber","nim":"nim","apiblueprint":"apiblueprint","riot":"riot","postcss":"postcss","coldfusion":"coldfusion","haskell":"haskell","dhall":"dhall","cabal":"cabal","nix":"nix","ruby":"ruby","slim":"slim","php":"php","php_elephant":"php_elephant","hack":"hack","react":"react","mjml":"mjml","processing":"processing","hcl":"hcl","go":"go","go_gopher":"go_gopher","nodejs_alt":"nodejs_alt","django":"django","html":"html","godot":"godot","vim":"vim","silverstripe":"silverstripe","prolog":"prolog","pawn":"pawn","reason":"reason","sml":"sml","markdown":"markdown","blink_light":"blink_light","jinja":"jinja","jinja_light":"jinja_light","sublime":"sublime","image":"image","react_ts":"react_ts","routing":"routing","typescript-def":"typescript-def","markojs":"markojs","pdf":"pdf","table":"table","vscode":"vscode","database":"database","csharp":"csharp","qsharp":"qsharp","zip":"zip","vala":"vala","zig":"zig","exe":"exe","h":"h","cpp":"cpp","hpp":"hpp","go-mod":"go-mod","python-misc":"python-misc","url":"url","console":"console","powershell":"powershell","gradle":"gradle","word":"word","certificate":"certificate","key":"key","font":"font","lib":"lib","gemfile":"gemfile","fsharp":"fsharp","swift":"swift","arduino":"arduino","docker":"docker","tex":"tex","powerpoint":"powerpoint","video":"video","virtual":"virtual","email":"email","audio":"audio","coffee":"coffee","document":"document","rust":"rust","raml":"raml","xaml":"xaml","kotlin":"kotlin","lua":"lua","clojure":"clojure","groovy":"groovy","r":"r","dart":"dart","actionscript":"actionscript","mxml":"mxml","autohotkey":"autohotkey","flash":"flash","swc":"swc","cmake":"cmake","assembly":"assembly","vue":"vue","vue-config":"vue-config","ocaml":"ocaml","javascript-map":"javascript-map","css-map":"css-map","lock":"lock","test-ts":"test-ts","test-jsx":"test-jsx","test-js":"test-js","angular-component":"angular-component","angular-guard":"angular-guard","angular-service":"angular-service","angular-pipe":"angular-pipe","angular-directive":"angular-directive","angular-resolver":"angular-resolver","smarty":"smarty","bucklescript":"bucklescript","merlin":"merlin","verilog":"verilog","mathematica":"mathematica","wolframlanguage":"wolframlanguage","vercel":"vercel","vercel_light":"vercel_light","laravel":"laravel","vfl":"vfl","kl":"kl","todo":"todo","http":"http","restql":"restql","kivy":"kivy","graphcool":"graphcool","sbt":"sbt","webpack":"webpack","ionic":"ionic","gulp":"gulp","nodejs":"nodejs","npm":"npm","yarn":"yarn","android":"android","tune":"tune","babel":"babel","contributing":"contributing","readme":"readme","changelog":"changelog","credits":"credits","authors":"authors","flow":"flow","favicon":"favicon","karma":"karma","bithound":"bithound","appveyor":"appveyor","travis":"travis","codecov":"codecov","protractor":"protractor","fusebox":"fusebox","heroku":"heroku","editorconfig":"editorconfig","gitlab":"gitlab","bower":"bower","eslint":"eslint","conduct":"conduct","watchman":"watchman","aurelia":"aurelia","mocha":"mocha","jenkins":"jenkins","firebase":"firebase","rollup":"rollup","stylelint":"stylelint","stylelint_light":"stylelint_light","code-climate":"code-climate","code-climate_light":"code-climate_light","prettier":"prettier","apollo":"apollo","nodemon":"nodemon","webhint":"webhint","browserlist":"browserlist","browserlist_light":"browserlist_light","crystal":"crystal","crystal_light":"crystal_light","snyk":"snyk","drone":"drone","drone_light":"drone_light","cuda":"cuda","log":"log","dotjs":"dotjs","ejs":"ejs","sequelize":"sequelize","gatsby":"gatsby","wakatime":"wakatime","wakatime_light":"wakatime_light","circleci":"circleci","circleci_light":"circleci_light","cloudfoundry":"cloudfoundry","grunt":"grunt","jest":"jest","processing_light":"processing_light","storybook":"storybook","wepy":"wepy","fastlane":"fastlane","hcl_light":"hcl_light","helm":"helm","san":"san","wallaby":"wallaby","stencil":"stencil","red":"red","makefile":"makefile","foxpro":"foxpro","i18n":"i18n","webassembly":"webassembly","semantic-release":"semantic-release","semantic-release_light":"semantic-release_light","bitbucket":"bitbucket","jupyter":"jupyter","d":"d","mdx":"mdx","ballerina":"ballerina","racket":"racket","bazel":"bazel","mint":"mint","velocity":"velocity","godot-assets":"godot-assets","azure-pipelines":"azure-pipelines","azure":"azure","vagrant":"vagrant","prisma":"prisma","abc":"abc","asciidoc":"asciidoc","istanbul":"istanbul","edge":"edge","scheme":"scheme","lisp":"lisp","tailwindcss":"tailwindcss","3d":"3d","buildkite":"buildkite","netlify":"netlify","svg":"svg","svelte":"svelte","nest":"nest","moonscript":"moonscript","percy":"percy","gitpod":"gitpod","advpl_prw":"advpl_prw","advpl_ptm":"advpl_ptm","advpl_tlpp":"advpl_tlpp","advpl_include":"advpl_include","codeowners":"codeowners","gcp":"gcp","disc":"disc","fortran":"fortran","liquid":"liquid","husky":"husky","coconut":"coconut","tilt":"tilt","capacitor":"capacitor","sketch":"sketch","adonis":"adonis","forth":"forth","uml":"uml","uml_light":"uml_light","meson":"meson","commitlint":"commitlint","buck":"buck","nrwl":"nrwl","opam":"opam","dune":"dune","imba":"imba","drawio":"drawio","pascal":"pascal","file":"file","folder-src":"folder-src","folder-src-open":"folder-src-open","folder-dist":"folder-dist","folder-dist-open":"folder-dist-open","folder-css":"folder-css","folder-css-open":"folder-css-open","folder-sass":"folder-sass","folder-sass-open":"folder-sass-open","folder-images":"folder-images","folder-images-open":"folder-images-open","folder-scripts":"folder-scripts","folder-scripts-open":"folder-scripts-open","folder-node":"folder-node","folder-node-open":"folder-node-open","folder-javascript":"folder-javascript","folder-javascript-open":"folder-javascript-open","folder-json":"folder-json","folder-json-open":"folder-json-open","folder-font":"folder-font","folder-font-open":"folder-font-open","folder-bower":"folder-bower","folder-bower-open":"folder-bower-open","folder-test":"folder-test","folder-test-open":"folder-test-open","folder-jinja":"folder-jinja","folder-jinja-open":"folder-jinja-open","folder-jinja_light":"folder-jinja_light","folder-jinja-open_light":"folder-jinja-open_light","folder-markdown":"folder-markdown","folder-markdown-open":"folder-markdown-open","folder-php":"folder-php","folder-php-open":"folder-php-open","folder-phpmailer":"folder-phpmailer","folder-phpmailer-open":"folder-phpmailer-open","folder-sublime":"folder-sublime","folder-sublime-open":"folder-sublime-open","folder-docs":"folder-docs","folder-docs-open":"folder-docs-open","folder-git":"folder-git","folder-git-open":"folder-git-open","folder-github":"folder-github","folder-github-open":"folder-github-open","folder-gitlab":"folder-gitlab","folder-gitlab-open":"folder-gitlab-open","folder-vscode":"folder-vscode","folder-vscode-open":"folder-vscode-open","folder-views":"folder-views","folder-views-open":"folder-views-open","folder-vue":"folder-vue","folder-vue-open":"folder-vue-open","folder-expo":"folder-expo","folder-expo-open":"folder-expo-open","folder-config":"folder-config","folder-config-open":"folder-config-open","folder-i18n":"folder-i18n","folder-i18n-open":"folder-i18n-open","folder-components":"folder-components","folder-components-open":"folder-components-open","folder-aurelia":"folder-aurelia","folder-aurelia-open":"folder-aurelia-open","folder-resource":"folder-resource","folder-resource-open":"folder-resource-open","folder-lib":"folder-lib","folder-lib-open":"folder-lib-open","folder-theme":"folder-theme","folder-theme-open":"folder-theme-open","folder-webpack":"folder-webpack","folder-webpack-open":"folder-webpack-open","folder-global":"folder-global","folder-global-open":"folder-global-open","folder-public":"folder-public","folder-public-open":"folder-public-open","folder-include":"folder-include","folder-include-open":"folder-include-open","folder-docker":"folder-docker","folder-docker-open":"folder-docker-open","folder-database":"folder-database","folder-database-open":"folder-database-open","folder-log":"folder-log","folder-log-open":"folder-log-open","folder-temp":"folder-temp","folder-temp-open":"folder-temp-open","folder-aws":"folder-aws","folder-aws-open":"folder-aws-open","folder-audio":"folder-audio","folder-audio-open":"folder-audio-open","folder-video":"folder-video","folder-video-open":"folder-video-open","folder-kubernetes":"folder-kubernetes","folder-kubernetes-open":"folder-kubernetes-open","folder-import":"folder-import","folder-import-open":"folder-import-open","folder-export":"folder-export","folder-export-open":"folder-export-open","folder-wakatime":"folder-wakatime","folder-wakatime-open":"folder-wakatime-open","folder-circleci":"folder-circleci","folder-circleci-open":"folder-circleci-open","folder-wordpress":"folder-wordpress","folder-wordpress-open":"folder-wordpress-open","folder-gradle":"folder-gradle","folder-gradle-open":"folder-gradle-open","folder-coverage":"folder-coverage","folder-coverage-open":"folder-coverage-open","folder-class":"folder-class","folder-class-open":"folder-class-open","folder-other":"folder-other","folder-other-open":"folder-other-open","folder-typescript":"folder-typescript","folder-typescript-open":"folder-typescript-open","folder-graphql":"folder-graphql","folder-graphql-open":"folder-graphql-open","folder-routes":"folder-routes","folder-routes-open":"folder-routes-open","folder-ci":"folder-ci","folder-ci-open":"folder-ci-open","folder-benchmark":"folder-benchmark","folder-benchmark-open":"folder-benchmark-open","folder-messages":"folder-messages","folder-messages-open":"folder-messages-open","folder-less":"folder-less","folder-less-open":"folder-less-open","folder-python":"folder-python","folder-python-open":"folder-python-open","folder-debug":"folder-debug","folder-debug-open":"folder-debug-open","folder-fastlane":"folder-fastlane","folder-fastlane-open":"folder-fastlane-open","folder-plugin":"folder-plugin","folder-plugin-open":"folder-plugin-open","folder-middleware":"folder-middleware","folder-middleware-open":"folder-middleware-open","folder-controller":"folder-controller","folder-controller-open":"folder-controller-open","folder-ansible":"folder-ansible","folder-ansible-open":"folder-ansible-open","folder-server":"folder-server","folder-server-open":"folder-server-open","folder-client":"folder-client","folder-client-open":"folder-client-open","folder-tasks":"folder-tasks","folder-tasks-open":"folder-tasks-open","folder-android":"folder-android","folder-android-open":"folder-android-open","folder-ios":"folder-ios","folder-ios-open":"folder-ios-open","folder-upload":"folder-upload","folder-upload-open":"folder-upload-open","folder-download":"folder-download","folder-download-open":"folder-download-open","folder-tools":"folder-tools","folder-tools-open":"folder-tools-open","folder-helper":"folder-helper","folder-helper-open":"folder-helper-open","folder-serverless":"folder-serverless","folder-serverless-open":"folder-serverless-open","folder-api":"folder-api","folder-api-open":"folder-api-open","folder-app":"folder-app","folder-app-open":"folder-app-open","folder-archive":"folder-archive","folder-archive-open":"folder-archive-open","folder-batch":"folder-batch","folder-batch-open":"folder-batch-open","folder-cluster":"folder-cluster","folder-cluster-open":"folder-cluster-open","folder-command":"folder-command","folder-command-open":"folder-command-open","folder-constant":"folder-constant","folder-constant-open":"folder-constant-open","folder-container":"folder-container","folder-container-open":"folder-container-open","folder-content":"folder-content","folder-content-open":"folder-content-open","folder-core":"folder-core","folder-core-open":"folder-core-open","folder-delta":"folder-delta","folder-delta-open":"folder-delta-open","folder-dump":"folder-dump","folder-dump-open":"folder-dump-open","folder-examples":"folder-examples","folder-examples-open":"folder-examples-open","folder-environment":"folder-environment","folder-environment-open":"folder-environment-open","folder-functions":"folder-functions","folder-functions-open":"folder-functions-open","folder-generator":"folder-generator","folder-generator-open":"folder-generator-open","folder-hook":"folder-hook","folder-hook-open":"folder-hook-open","folder-job":"folder-job","folder-job-open":"folder-job-open","folder-keys":"folder-keys","folder-keys-open":"folder-keys-open","folder-layout":"folder-layout","folder-layout-open":"folder-layout-open","folder-mail":"folder-mail","folder-mail-open":"folder-mail-open","folder-mappings":"folder-mappings","folder-mappings-open":"folder-mappings-open","folder-meta":"folder-meta","folder-meta-open":"folder-meta-open","folder-packages":"folder-packages","folder-packages-open":"folder-packages-open","folder-shared":"folder-shared","folder-shared-open":"folder-shared-open","folder-stack":"folder-stack","folder-stack-open":"folder-stack-open","folder-template":"folder-template","folder-template-open":"folder-template-open","folder-utils":"folder-utils","folder-utils-open":"folder-utils-open","folder-private":"folder-private","folder-private-open":"folder-private-open","folder-error":"folder-error","folder-error-open":"folder-error-open","folder-event":"folder-event","folder-event-open":"folder-event-open","folder-secure":"folder-secure","folder-secure-open":"folder-secure-open","folder-custom":"folder-custom","folder-custom-open":"folder-custom-open","folder-mock":"folder-mock","folder-mock-open":"folder-mock-open","folder-syntax":"folder-syntax","folder-syntax-open":"folder-syntax-open","folder-vm":"folder-vm","folder-vm-open":"folder-vm-open","folder-stylus":"folder-stylus","folder-stylus-open":"folder-stylus-open","folder-flow":"folder-flow","folder-flow-open":"folder-flow-open","folder-rules":"folder-rules","folder-rules-open":"folder-rules-open","folder-review":"folder-review","folder-review-open":"folder-review-open","folder-animation":"folder-animation","folder-animation-open":"folder-animation-open","folder-guard":"folder-guard","folder-guard-open":"folder-guard-open","folder-prisma":"folder-prisma","folder-prisma-open":"folder-prisma-open","folder-pipe":"folder-pipe","folder-pipe-open":"folder-pipe-open","folder-svg":"folder-svg","folder-svg-open":"folder-svg-open","folder-mobile":"folder-mobile","folder-mobile-open":"folder-mobile-open","folder-stencil":"folder-stencil","folder-stencil-open":"folder-stencil-open","folder-firebase":"folder-firebase","folder-firebase-open":"folder-firebase-open","folder-svelte":"folder-svelte","folder-svelte-open":"folder-svelte-open","folder-update":"folder-update","folder-update-open":"folder-update-open","folder-intellij":"folder-intellij","folder-intellij-open":"folder-intellij-open","folder-intellij_light":"folder-intellij_light","folder-intellij-open_light":"folder-intellij-open_light","folder":"folder","folder-open":"folder-open","folder-root":"folder-root","folder-root-open":"folder-root-open"
  },
  "fileExtensions": {
    "htm": "html","xhtml": "html","html_vm": "html","asp": "html","jade": "pug","pug": "pug","md": "markdown","markdown": "markdown","rst": "markdown","blink": "blink","css": "css","scss": "sass","sass": "sass","less": "less","json": "json","tsbuildinfo": "json","json5": "json","jinja": "jinja","jinja2": "jinja","j2": "jinja","sublime-project": "sublime","sublime-workspace": "sublime","yaml": "yaml","YAML-tmLanguage": "yaml","yml": "yaml","xml": "xml","plist": "xml","xsd": "xml","dtd": "xml","xsl": "xml","xslt": "xml","resx": "xml","iml": "xml","xquery": "xml","tmLanguage": "xml","manifest": "xml","project": "xml","png": "image","jpeg": "image","jpg": "image","gif": "image","ico": "image","tif": "image","tiff": "image","psd": "image","psb": "image","ami": "image","apx": "image","bmp": "image","bpg": "image","brk": "image","cur": "image","dds": "image","dng": "image","exr": "image","fpx": "image","gbr": "image","img": "image","jbig2": "image","jb2": "image","jng": "image","jxr": "image","pbm": "image","pgf": "image","pic": "image","raw": "image","webp": "image","eps": "image","afphoto": "image","ase": "image","aseprite": "image","clip": "image","cpt": "image","heif": "image","heic": "image","kra": "image","mdp": "image","ora": "image","pdn": "image","reb": "image","sai": "image","tga": "image","xcf": "image","js": "javascript","esx": "javascript","mjs": "javascript","jsx": "react","tsx": "react_ts","routing.ts": "routing","routing.tsx": "routing","routing.js": "routing","routing.jsx": "routing","routes.ts": "routing","routes.tsx": "routing","routes.js": "routing","routes.jsx": "routing","ini": "settings","dlc": "settings","dll": "settings","config": "settings","conf": "settings","properties": "settings","prop": "settings","settings": "settings","option": "settings","props": "settings","toml": "settings","prefs": "settings","sln.dotsettings": "settings","sln.dotsettings.user": "settings","cfg": "settings","ts": "typescript","d.ts": "typescript-def","marko": "markojs","pdf": "pdf","xlsx": "table","xls": "table","csv": "table","tsv": "table","vscodeignore": "vscode","vsixmanifest": "vscode","vsix": "vscode","code-workplace": "vscode","csproj": "visualstudio","ruleset": "visualstudio","sln": "visualstudio","suo": "visualstudio","vb": "visualstudio","vbs": "visualstudio","vcxitems": "visualstudio","vcxitems.filters": "visualstudio","vcxproj": "visualstudio","vcxproj.filters": "visualstudio","pdb": "database","sql": "database","pks": "database","pkb": "database","accdb": "database","mdb": "database","sqlite": "database","pgsql": "database","postgres": "database","psql": "database","cs": "csharp","csx": "csharp","qs": "qsharp","zip": "zip","tar": "zip","gz": "zip","xz": "zip","br": "zip","bzip2": "zip","gzip": "zip","brotli": "zip","7z": "zip","rar": "zip","tgz": "zip","vala": "vala","zig": "zig","exe": "exe","msi": "exe","java": "java","jar": "java","jsp": "java","c": "c","m": "c","i": "c","mi": "c","h": "h","cc": "cpp","cpp": "cpp","cxx": "cpp","c++": "cpp","cp": "cpp","mm": "cpp","mii": "cpp","ii": "cpp","hh": "hpp","hpp": "hpp","hxx": "hpp","h++": "hpp","hp": "hpp","tcc": "hpp","inl": "hpp","go": "go","py": "python","pyc": "python-misc","whl": "python-misc","url": "url","sh": "console","ksh": "console","csh": "console","tcsh": "console","zsh": "console","bash": "console","bat": "console","cmd": "console","awk": "console","fish": "console","ps1": "powershell","psm1": "powershell","psd1": "powershell","ps1xml": "powershell","psc1": "powershell","pssc": "powershell","gradle": "gradle","doc": "word","docx": "word","rtf": "word","cer": "certificate","cert": "certificate","crt": "certificate","pub": "key","key": "key","pem": "key","asc": "key","gpg": "key","woff": "font","woff2": "font","ttf": "font","eot": "font","suit": "font","otf": "font","bmap": "font","fnt": "font","odttf": "font","ttc": "font","font": "font","fonts": "font","sui": "font","ntf": "font","mrf": "font","lib": "lib","bib": "lib","rb": "ruby","erb": "ruby","fs": "fsharp","fsx": "fsharp","fsi": "fsharp","fsproj": "fsharp","swift": "swift","ino": "arduino","dockerignore": "docker","dockerfile": "docker","tex": "tex","cls": "tex","sty": "tex","dtx": "tex","ltx": "tex","pptx": "powerpoint","ppt": "powerpoint","pptm": "powerpoint","potx": "powerpoint","potm": "powerpoint","ppsx": "powerpoint","ppsm": "powerpoint","pps": "powerpoint","ppam": "powerpoint","ppa": "powerpoint","webm": "video","mkv": "video","flv": "video","vob": "video","ogv": "video","ogg": "video","gifv": "video","avi": "video","mov": "video","qt": "video","wmv": "video","yuv": "video","rm": "video","rmvb": "video","mp4": "video","m4v": "video","mpg": "video","mp2": "video","mpeg": "video","mpe": "video","mpv": "video","m2v": "video","vdi": "virtual","vbox": "virtual","vbox-prev": "virtual","ics": "email","mp3": "audio","flac": "audio","m4a": "audio","wma": "audio","aiff": "audio","coffee": "coffee","cson": "coffee","iced": "coffee","txt": "document","graphql": "graphql","gql": "graphql","rs": "rust","raml": "raml","xaml": "xaml","hs": "haskell","kt": "kotlin","kts": "kotlin","patch": "git","lua": "lua","clj": "clojure","cljs": "clojure","cljc": "clojure","groovy": "groovy","r": "r","rmd": "r","dart": "dart","as": "actionscript","mxml": "mxml","ahk": "autohotkey","swf": "flash","swc": "swc","cmake": "cmake","asm": "assembly","a51": "assembly","inc": "assembly","nasm": "assembly","s": "assembly","ms": "assembly","agc": "assembly","ags": "assembly","aea": "assembly","argus": "assembly","mitigus": "assembly","binsource": "assembly","vue": "vue","ml": "ocaml","mli": "ocaml","cmx": "ocaml","js.map": "javascript-map","mjs.map": "javascript-map","css.map": "css-map","lock": "lock","hbs": "handlebars","mustache": "handlebars","pm": "perl","raku": "perl","hx": "haxe","spec.ts": "test-ts","e2e-spec.ts": "test-ts","test.ts": "test-ts","ts.snap": "test-ts","spec.tsx": "test-jsx","test.tsx": "test-jsx","tsx.snap": "test-jsx","spec.jsx": "test-jsx","test.jsx": "test-jsx","jsx.snap": "test-jsx","spec.js": "test-js","e2e-spec.js": "test-js","test.js": "test-js","js.snap": "test-js","module.ts": "angular","module.js": "angular","ng-template": "angular","component.ts": "angular-component","component.js": "angular-component","guard.ts": "angular-guard","guard.js": "angular-guard","service.ts": "angular-service","service.js": "angular-service","pipe.ts": "angular-pipe","pipe.js": "angular-pipe","filter.js": "angular-pipe","directive.ts": "angular-directive","directive.js": "angular-directive","resolver.ts": "angular-resolver","resolver.js": "angular-resolver","pp": "puppet","ex": "elixir","exs": "elixir","eex": "elixir","leex": "elixir","ls": "livescript","erl": "erlang","twig": "twig","jl": "julia","elm": "elm","pure": "purescript","purs": "purescript","tpl": "smarty","styl": "stylus","re": "reason","rei": "reason","cmj": "bucklescript","merlin": "merlin","v": "verilog","vhd": "verilog","sv": "verilog","svh": "verilog","nb": "mathematica","wl": "wolframlanguage","wls": "wolframlanguage","njk": "nunjucks","nunjucks": "nunjucks","robot": "robot","sol": "solidity","au3": "autoit","haml": "haml","yang": "yang","mjml": "mjml","tf": "terraform","tf.json": "terraform","tfvars": "terraform","tfstate": "terraform","blade.php": "laravel","inky.php": "laravel","applescript": "applescript","ipa": "applescript","cake": "cake","feature": "cucumber","nim": "nim","nimble": "nim","apib": "apiblueprint","apiblueprint": "apiblueprint","riot": "riot","tag": "riot","vfl": "vfl","kl": "kl","pcss": "postcss","sss": "postcss","todo": "todo","cfml": "coldfusion","cfc": "coldfusion","lucee": "coldfusion","cfm": "coldfusion","cabal": "cabal","nix": "nix","slim": "slim","http": "http","rest": "http","rql": "restql","restql": "restql","kv": "kivy","graphcool": "graphcool","sbt": "sbt","apk": "android","env": "tune","gitlab-ci.yml": "gitlab","jenkinsfile": "jenkins","jenkins": "jenkins","cr": "crystal","ecr": "crystal","drone.yml": "drone","cu": "cuda","cuh": "cuda","log": "log","def": "dotjs","dot": "dotjs","jst": "dotjs","ejs": "ejs",".wakatime-project": "wakatime","pde": "processing","stories.js": "storybook","stories.jsx": "storybook","story.js": "storybook","story.jsx": "storybook","stories.ts": "storybook","stories.tsx": "storybook","story.ts": "storybook","story.tsx": "storybook","wpy": "wepy","hcl": "hcl","san": "san","djt": "django","red": "red","fxp": "foxpro","prg": "foxpro","pot": "i18n","po": "i18n","mo": "i18n","wat": "webassembly","wasm": "webassembly","ipynb": "jupyter","d": "d","mdx": "mdx","bal": "ballerina","balx": "ballerina","rkt": "racket","bzl": "bazel","bazel": "bazel","mint": "mint","vm": "velocity","fhtml": "velocity","vtl": "velocity","gd": "godot","godot": "godot-assets","tres": "godot-assets","tscn": "godot-assets","azure-pipelines.yml": "azure-pipelines","azure-pipelines.yaml": "azure-pipelines","azcli": "azure","vagrantfile": "vagrant","prisma": "prisma","cshtml": "razor","vbhtml": "razor","abc": "abc","ad": "asciidoc","adoc": "asciidoc","asciidoc": "asciidoc","edge": "edge","ss": "scheme","scm": "scheme","lisp": "lisp","lsp": "lisp","cl": "lisp","fast": "lisp","stl": "3d","obj": "3d","ac": "3d","blend": "3d","mesh": "3d","mqo": "3d","pmd": "3d","pmx": "3d","skp": "3d","vac": "3d","vdp": "3d","vox": "3d","svg": "svg","svelte": "svelte","vimrc": "vim","gvimrc": "vim","exrc": "vim","moon": "moonscript","prw": "advpl_prw","prx": "advpl_prw","ptm": "advpl_ptm","tlpp": "advpl_tlpp","ch": "advpl_include","iso": "disc","f": "fortran","f77": "fortran","f90": "fortran","f95": "fortran","f03": "fortran","f08": "fortran","liquid": "liquid","p": "prolog","pro": "prolog","coco": "coconut","sketch": "sketch","pwn": "pawn","amx": "pawn","4th": "forth","fth": "forth","frt": "forth","iuml": "uml","pu": "uml","puml": "uml","plantuml": "uml","wsd": "uml","dhall": "dhall","dhallb": "dhall","sml": "sml","mlton": "sml","mlb": "sml","sig": "sml","fun": "sml","cm": "sml","lex": "sml","use": "sml","grm": "sml","opam": "opam","imba": "imba","drawio": "drawio","dio": "drawio","pas": "pascal","unity": "shaderlab"
  },
  "fileNames": {
    ".pug-lintrc": "pug",".pug-lintrc.js": "pug",".pug-lintrc.json": "pug",".jscsrc": "json",".jshintrc": "json","composer.lock": "json",".jsbeautifyrc": "json",".esformatter": "json","cdp.pid": "json",".mjmlconfig": "json",".htaccess": "xml","router.js": "routing","router.jsx": "routing","router.ts": "routing","router.tsx": "routing","routes.js": "routing","routes.jsx": "routing","routes.ts": "routing","routes.tsx": "routing",".jshintignore": "settings",".buildignore": "settings",".mrconfig": "settings",".yardopts": "settings","manifest.mf": "settings",".clang-format": "settings",".clang-tidy": "settings","go.mod": "go-mod","go.sum": "go-mod","requirements.txt": "python-misc","pipfile": "python-misc",".python-version": "python-misc","manifest.in": "python-misc","gradle.properties": "gradle","gradlew": "gradle","gradle-wrapper.properties": "gradle","license": "certificate","license.md": "certificate","license.txt": "certificate","licence": "certificate","licence.md": "certificate","licence.txt": "certificate","unlicense": "certificate","unlicense.md": "certificate","unlicense.txt": "certificate",".htpasswd": "key","gemfile": "gemfile","dockerfile": "docker","docker-compose.yml": "docker","docker-compose.yaml": "docker","docker-compose.dev.yml": "docker","docker-compose.local.yml": "docker","docker-compose.ci.yml": "docker","docker-compose.override.yml": "docker","docker-compose.staging.yml": "docker","docker-compose.prod.yml": "docker","docker-compose.production.yml": "docker","docker-compose.test.yml": "docker",".mailmap": "email",".graphqlconfig": "graphql",".gitignore": "git",".gitconfig": "git",".gitattributes": "git",".gitmodules": "git",".gitkeep": "git","git-history": "git",".luacheckrc": "lua",".Rhistory": "r","cmakelists.txt": "cmake","cmakecache.txt": "cmake","vue.config.js": "vue-config","vue.config.ts": "vue-config","angular-cli.json": "angular",".angular-cli.json": "angular","angular.json": "angular","vercel.json": "vercel",".vercelignore": "vercel","now.json": "vercel",".nowignore": "vercel",".vfl": "vfl",".kl": "kl","postcss.config.js": "postcss",".postcssrc.js": "postcss",".postcssrc": "postcss",".postcssrc.json": "postcss",".postcssrc.yml": "postcss","project.graphcool": "graphcool","webpack.js": "webpack","webpack.ts": "webpack","webpack.base.js": "webpack","webpack.base.ts": "webpack","webpack.config.js": "webpack","webpack.config.ts": "webpack","webpack.common.js": "webpack","webpack.common.ts": "webpack","webpack.config.common.js": "webpack","webpack.config.common.ts": "webpack","webpack.config.common.babel.js": "webpack","webpack.config.common.babel.ts": "webpack","webpack.dev.js": "webpack","webpack.dev.ts": "webpack","webpack.development.js": "webpack","webpack.development.ts": "webpack","webpack.config.dev.js": "webpack","webpack.config.dev.ts": "webpack","webpack.config.dev.babel.js": "webpack","webpack.config.dev.babel.ts": "webpack","webpack.prod.js": "webpack","webpack.prod.ts": "webpack","webpack.production.js": "webpack","webpack.production.ts": "webpack","webpack.server.js": "webpack","webpack.server.ts": "webpack","webpack.client.js": "webpack","webpack.client.ts": "webpack","webpack.config.server.js": "webpack","webpack.config.server.ts": "webpack","webpack.config.client.js": "webpack","webpack.config.client.ts": "webpack","webpack.config.production.babel.js": "webpack","webpack.config.production.babel.ts": "webpack","webpack.config.prod.babel.js": "webpack","webpack.config.prod.babel.ts": "webpack","webpack.config.prod.js": "webpack","webpack.config.prod.ts": "webpack","webpack.config.production.js": "webpack","webpack.config.production.ts": "webpack","webpack.config.staging.js": "webpack","webpack.config.staging.ts": "webpack","webpack.config.babel.js": "webpack","webpack.config.babel.ts": "webpack","webpack.config.base.babel.js": "webpack","webpack.config.base.babel.ts": "webpack","webpack.config.base.js": "webpack","webpack.config.base.ts": "webpack","webpack.config.staging.babel.js": "webpack","webpack.config.staging.babel.ts": "webpack","webpack.config.coffee": "webpack","webpack.config.test.js": "webpack","webpack.config.test.ts": "webpack","webpack.config.vendor.js": "webpack","webpack.config.vendor.ts": "webpack","webpack.config.vendor.production.js": "webpack","webpack.config.vendor.production.ts": "webpack","webpack.test.js": "webpack","webpack.test.ts": "webpack","webpack.dist.js": "webpack","webpack.dist.ts": "webpack","webpackfile.js": "webpack","webpackfile.ts": "webpack","ionic.config.json": "ionic",".io-config.json": "ionic","gulpfile.js": "gulp","gulpfile.ts": "gulp","gulpfile.babel.js": "gulp","package.json": "nodejs","package-lock.json": "nodejs",".nvmrc": "nodejs",".esmrc": "nodejs",".node-version": "nodejs",".npmignore": "npm",".npmrc": "npm",".yarnrc": "yarn","yarn.lock": "yarn",".yarnclean": "yarn",".yarn-integrity": "yarn","yarn-error.log": "yarn",".yarnrc.yml": "yarn",".yarnrc.yaml": "yarn","androidmanifest.xml": "android",".env.defaults": "tune",".env.example": "tune",".env.sample": "tune",".env.schema": "tune",".env.local": "tune",".env.dev": "tune",".env.development": "tune",".env.qa": "tune",".env.prod": "tune",".env.production": "tune",".env.staging": "tune",".env.preview": "tune",".env.test": "tune",".env.testing": "tune",".env.development.local": "tune",".env.qa.local": "tune",".env.production.local": "tune",".env.staging.local": "tune",".env.test.local": "tune",".babelrc": "babel",".babelrc.js": "babel",".babelrc.json": "babel","babel.config.json": "babel","babel.config.js": "babel","contributing.md": "contributing","readme.md": "readme","readme.txt": "readme","readme": "readme","changelog": "changelog","changelog.md": "changelog","changelog.txt": "changelog","changes": "changelog","changes.md": "changelog","changes.txt": "changelog","credits": "credits","credits.txt": "credits","credits.md": "credits","authors": "authors","authors.md": "authors","authors.txt": "authors",".flowconfig": "flow","favicon.ico": "favicon","karma.conf.js": "karma","karma.conf.ts": "karma","karma.conf.coffee": "karma","karma.config.js": "karma","karma.config.ts": "karma","karma-main.js": "karma","karma-main.ts": "karma",".bithoundrc": "bithound",".appveyor.yml": "appveyor","appveyor.yml": "appveyor",".travis.yml": "travis",".codecov.yml": "codecov","codecov.yml": "codecov","protractor.conf.js": "protractor","protractor.conf.ts": "protractor","protractor.conf.coffee": "protractor","protractor.config.js": "protractor","protractor.config.ts": "protractor","fuse.js": "fusebox","procfile": "heroku","procfile.windows": "heroku",".editorconfig": "editorconfig",".bowerrc": "bower","bower.json": "bower",".eslintrc.js": "eslint",".eslintrc.yaml": "eslint",".eslintrc.yml": "eslint",".eslintrc.json": "eslint",".eslintrc": "eslint",".eslintignore": "eslint",".eslintcache": "eslint","code_of_conduct.md": "conduct","code_of_conduct.txt": "conduct",".watchmanconfig": "watchman","aurelia.json": "aurelia","mocha.opts": "mocha",".mocharc.yml": "mocha",".mocharc.yaml": "mocha",".mocharc.js": "mocha",".mocharc.json": "mocha",".mocharc.jsonc": "mocha","jenkinsfile": "jenkins","firebase.json": "firebase",".firebaserc": "firebase","rollup.config.js": "rollup","rollup.config.ts": "rollup","rollup-config.js": "rollup","rollup-config.ts": "rollup","rollup.config.common.js": "rollup","rollup.config.common.ts": "rollup","rollup.config.base.js": "rollup","rollup.config.base.ts": "rollup","rollup.config.prod.js": "rollup","rollup.config.prod.ts": "rollup","rollup.config.dev.js": "rollup","rollup.config.dev.ts": "rollup","rollup.config.prod.vendor.js": "rollup","rollup.config.prod.vendor.ts": "rollup",".hhconfig": "hack",".stylelintrc": "stylelint","stylelint.config.js": "stylelint",".stylelintrc.json": "stylelint",".stylelintrc.yaml": "stylelint",".stylelintrc.yml": "stylelint",".stylelintrc.js": "stylelint",".stylelintignore": "stylelint",".codeclimate.yml": "code-climate",".prettierrc": "prettier","prettier.config.js": "prettier",".prettierrc.js": "prettier",".prettierrc.json": "prettier",".prettierrc.yaml": "prettier",".prettierrc.yml": "prettier",".prettierignore": "prettier","apollo.config.js": "apollo","nodemon.json": "nodemon","nodemon-debug.json": "nodemon",".hintrc": "webhint","browserslist": "browserlist",".browserslistrc": "browserlist",".snyk": "snyk",".drone.yml": "drone",".sequelizerc": "sequelize","gatsby.config.js": "gatsby","gatsby-config.js": "gatsby","gatsby-node.js": "gatsby","gatsby-browser.js": "gatsby","gatsby-ssr.js": "gatsby",".wakatime-project": "wakatime","circle.yml": "circleci",".cfignore": "cloudfoundry","gruntfile.js": "grunt","gruntfile.ts": "grunt","gruntfile.coffee": "grunt","gruntfile.babel.js": "grunt","gruntfile.babel.ts": "grunt","gruntfile.babel.coffee": "grunt","jest.config.js": "jest","jest.config.ts": "jest","jest.config.cjs": "jest","jest.config.mjs": "jest","jest.config.json": "jest","jest.setup.js": "jest","jest.setup.ts": "jest","jest.json": "jest",".jestrc": "jest",".jestrc.js": "jest",".jestrc.json": "jest","jest.teardown.js": "jest","fastfile": "fastlane","appfile": "fastlane",".helmignore": "helm","wallaby.js": "wallaby","wallaby.conf.js": "wallaby","stencil.config.js": "stencil","stencil.config.ts": "stencil","makefile": "makefile",".releaserc": "semantic-release",".releaserc.yaml": "semantic-release",".releaserc.yml": "semantic-release",".releaserc.json": "semantic-release",".releaserc.js": "semantic-release","release.config.js": "semantic-release","bitbucket-pipelines.yaml": "bitbucket","bitbucket-pipelines.yml": "bitbucket",".bazelignore": "bazel",".bazelrc": "bazel","azure-pipelines.yml": "azure-pipelines","azure-pipelines.yaml": "azure-pipelines","vagrantfile": "vagrant","prisma.yml": "prisma",".nycrc": "istanbul",".nycrc.json": "istanbul","tailwind.js": "tailwindcss","tailwind.config.js": "tailwindcss","buildkite.yml": "buildkite","buildkite.yaml": "buildkite","netlify.json": "netlify","netlify.yml": "netlify","netlify.yaml": "netlify","netlify.toml": "netlify","nest-cli.json": "nest",".nest-cli.json": "nest","nestconfig.json": "nest",".nestconfig.json": "nest",".percy.yml": "percy",".gitpod.yml": "gitpod","codeowners": "codeowners",".gcloudignore": "gcp",".huskyrc": "husky","husky.config.js": "husky",".huskyrc.json": "husky",".huskyrc.js": "husky",".huskyrc.yaml": "husky",".huskyrc.yml": "husky","tiltfile": "tilt","capacitor.config.json": "capacitor",".adonisrc.json": "adonis","meson.build": "meson",".commitlintrc": "commitlint",".commitlintrc.js": "commitlint","commitlint.config.js": "commitlint",".commitlintrc.json": "commitlint",".commitlint.yaml": "commitlint",".commitlint.yml": "commitlint",".buckconfig": "buck","nx.json": "nrwl","dune": "dune","dune-project": "dune"
  },
  "languageIds": {
    "git": "git","git-commit": "git","git-rebase": "git","c": "c","objective-c": "c","yaml": "yaml","xml": "xml","xquery": "xml","matlab": "matlab","makefile": "settings","shaderlab": "shaderlab","diff": "diff","json": "json","jsonc": "json","blink": "blink","java": "java","razor": "razor","aspnetcorerazor": "razor","python": "python","javascript": "javascript","typescript": "typescript","scala": "scala","handlebars": "handlebars","perl": "perl","perl6": "perl","haxe": "haxe","hxml": "haxe","puppet": "puppet","elixir": "elixir","livescript": "livescript","erlang": "erlang","twig": "twig","julia": "julia","elm": "elm","purescript": "purescript","stylus": "stylus","nunjucks": "nunjucks","pug": "pug","robotframework": "robot","sass": "sass","less": "less","css": "css","testOutput": "visualstudio","ng-template": "angular","graphql": "graphql","solidity": "solidity","autoit": "autoit","haml": "haml","yang": "yang","terraform": "terraform","applescript": "applescript","cake": "cake","cucumber": "cucumber","nim": "nim","nimble": "nim","apiblueprint": "apiblueprint","riot": "riot","postcss": "postcss","lang-cfml": "coldfusion","haskell": "haskell","dhall": "dhall","cabal": "cabal","nix": "nix","ruby": "ruby","slim": "slim","php": "php","hack": "hack","javascriptreact": "react","mjml": "mjml","processing": "processing","hcl": "hcl","go": "go","django-html": "django","django-txt": "django","html": "html","gdscript": "godot","viml": "vim","prolog": "prolog","pawn": "pawn","reason": "reason","reason_lisp": "reason","sml": "sml"
  }
}